﻿<?xml version="1.0"?>
<doc>
<assembly>
<name>
CarWashPOS
</name>
</assembly>
<members>
<member name="T:CarWashPOS.My.Resources.Resources">
<summary>
  A strongly-typed resource class, for looking up localized strings, etc.
</summary>
</member>
<member name="P:CarWashPOS.My.Resources.Resources.ResourceManager">
<summary>
  Returns the cached ResourceManager instance used by this class.
</summary>
</member>
<member name="P:CarWashPOS.My.Resources.Resources.Culture">
<summary>
  Overrides the current thread's CurrentUICulture property for all
  resource lookups using this strongly typed resource class.
</summary>
</member>
<member name="P:CarWashPOS.My.Resources.Resources.Mitsubishi_Lancer_Evolution_1ac_1024x555">
<summary>
  Looks up a localized resource of type System.Drawing.Bitmap.
</summary>
</member>
<member name="P:CarWashPOS.My.Resources.Resources.photo">
<summary>
  Looks up a localized resource of type System.Drawing.Bitmap.
</summary>
</member>
<member name="M:CarWashPOS.Encryption.Boring(System.String)">
 <summary>
 moving all characters in string insert then into new index
 </summary>
 <param name="st">string to moving characters</param>
 <returns>moved characters string</returns>
</member>
</members>
</doc>
